model,accuracy,precision,recall,f1
Logistic Regression,0.984,0.9487179487179487,1.0,0.9736842105263158
Random Forest,0.992,1.0,0.972972972972973,0.9863013698630136
Gradient Boosting,0.992,1.0,0.972972972972973,0.9863013698630136
Isolation Forest,0.664,0.4528301886792453,0.6486486486486487,0.5333333333333333
